THREADS	TIME
1	0.563625
2	0.523185
3	0.607497
4	0.494555
5	0.509166
6	0.502535
7	0.501559
8	0.507031
9	0.521141
10	0.509898
11	0.497961
12	0.509429
13	0.499598
14	0.502084
15	0.495167
16	0.488331
17	0.479483
18	0.487857
19	0.48279
20	0.505764
21	0.480688
22	0.544552
23	0.668921
24	0.88751
25	0.558661
26	0.492401
27	0.493059
28	0.488888
29	0.510701
30	0.485276
31	0.494953
32	0.710246
33	0.682877
34	0.58867
35	0.498732
36	0.502983
37	0.526908
38	0.491185
39	0.518884
40	0.746414
41	0.544981
42	0.50005
43	0.511944
44	0.498308
45	0.498748
46	0.578331
47	0.592607
48	0.534855
49	0.521021
50	0.536502
51	0.546348
52	0.520715
53	0.512592
54	0.518546
55	0.542786
